epoch,acc,loss,val_acc,val_loss
0,0.59818359375,1.5433240485191346,0.155078125,8.080602788925171
1,0.95326171875,0.15541421124711632,0.13515625,9.81036319732666
